33.845478,-118.202715
33.845196,-118.202293
33.842345,-118.202544
33.838761,-118.202799
33.842347,-118.202468
33.835315,-118.203158
33.863479,-118.195035
33.805472,-118.204605
33.803837,-118.204568
33.817536,-118.205654
33.808171,-118.204593
33.803837,-118.204568
33.804738,-118.20465
33.803422,-118.204095
33.803837,-118.204568
33.804738,-118.20465
33.800953,-118.204505
33.804738,-118.20465
33.803837,-118.204568
33.805858,-118.204628
33.817536,-118.205654
33.803837,-118.204568
33.797863,-118.204617
33.803837,-118.204568
33.803837,-118.204568
33.806482,-118.205831
33.805458,-118.20443
33.808171,-118.204593
33.803837,-118.204568
33.817536,-118.205654
33.802708,-118.204522
33.80892,-118.205273
33.817536,-118.205654
33.805737,-118.204605
33.793563,-118.204303
33.80892,-118.205273
33.806737,-118.204667
33.803133,-118.204518
33.817536,-118.205654
33.80892,-118.205273
33.817536,-118.205654
33.817536,-118.205654
33.817536,-118.205654
33.817536,-118.205654
33.817536,-118.205654
33.817536,-118.205654
33.805775,-118.204178
33.806032,-118.20467
33.817536,-118.205654
33.817536,-118.205654
33.804238,-118.204603
33.808171,-118.204593
33.817536,-118.205654
33.808171,-118.204593
33.817536,-118.205654
33.817536,-118.205654
33.793785,-118.204141
33.805303,-118.20464
33.805303,-118.20464
33.817536,-118.205654
33.817536,-118.205654
33.803505,-118.204523
33.817536,-118.205654
33.80295,-118.20453
33.804778,-118.204697
33.808171,-118.204593
33.817536,-118.205654
33.817536,-118.205654
33.817536,-118.205654
33.806032,-118.20467
33.806032,-118.20467
33.808171,-118.204593
33.817536,-118.205654
33.817536,-118.205654
33.845619,-118.202356
33.817536,-118.205654
33.817536,-118.205654
33.804738,-118.20465
33.793511,-118.204303
33.817536,-118.205654
33.808171,-118.204593
33.804738,-118.20465
33.805477,-118.20463
33.817536,-118.205654
33.799913,-118.204371
33.817536,-118.205654
33.804238,-118.204603
33.807003,-118.204767
33.804778,-118.20537
33.817536,-118.205654
33.817536,-118.205654
33.817536,-118.205654
33.817536,-118.205654
33.802915,-118.204312
33.817536,-118.205654
33.802967,-118.204528
33.817536,-118.205654
33.817536,-118.205654
33.804738,-118.20465
33.805303,-118.20464
33.808171,-118.204593
33.797716,-118.206139
33.796055,-118.205038
33.799484,-118.204733
33.804642,-118.205796
33.805738,-118.204508
33.805905,-118.204224
33.804794,-118.205494
33.804201,-118.20549
33.805268,-118.20462
33.806866,-118.20474
33.802417,-118.20521
33.800148,-118.20449
33.801432,-118.204722
33.797733,-118.206167
33.805866,-118.204231
33.804261,-118.205951
33.802393,-118.204719
33.797786,-118.204513
33.801573,-118.204665
33.806433,-118.204902
33.799596,-118.206064
33.802201,-118.204358
33.806586,-118.205457
33.804876,-118.205444
33.797833,-118.204505
33.807403,-118.205738
33.799955,-118.205152
33.807283,-118.205557
33.804261,-118.205951
33.802201,-118.204358
33.804261,-118.205951
33.806592,-118.205641
33.804261,-118.205951
33.80593,-118.205787
33.806439,-118.205589
33.806445,-118.204919
33.803804,-118.204696
33.804261,-118.205951
33.80194,-118.204448
33.806428,-118.205459
33.803182,-118.20541
33.795587,-118.205049
33.797401,-118.204607
33.806675,-118.205637
33.804261,-118.205951
33.804261,-118.205951
33.805095,-118.205053
33.845831,-118.202418
33.829426,-118.203841
33.77943,-118.204497
33.806439,-118.204686
33.805001,-118.205589
33.86325,-118.195402
33.856597,-118.199342
33.806617,-118.204666
33.803582,-118.204846
33.80535,-118.204622
33.863418,-118.195329
33.806356,-118.204683
33.86323,-118.195437
33.833214,-118.203429
33.806353,-118.204686
33.831739,-118.204208
33.806984,-118.205204
33.834978,-118.203267
33.790475,-118.204225
33.832828,-118.20353
33.796442,-118.204154
33.791897,-118.204704
33.81359,-118.205264
33.866455,-118.193337
33.808639,-118.204452
33.845442,-118.202303
33.81359,-118.205264
33.81359,-118.205264
33.811363,-118.204575
33.804164,-118.205593
33.804164,-118.205593
33.804164,-118.205593
33.804164,-118.205593
33.804164,-118.205593
33.802531,-118.205126
33.819315,-118.204741
33.803192,-118.204553
33.802795,-118.205638
33.804164,-118.205593
33.803192,-118.204553
33.803083,-118.204502
33.804164,-118.205593
33.802795,-118.205638
33.804164,-118.205593
33.804908,-118.204668
33.804164,-118.205593
33.804164,-118.205593
33.804908,-118.204668
33.804164,-118.205593
33.804164,-118.205593
33.802795,-118.205638
33.804164,-118.205593
33.802795,-118.205638
33.804164,-118.205593
33.804164,-118.205593
33.802795,-118.205638
33.804164,-118.205593
33.802892,-118.204545
33.804728,-118.204687
33.804164,-118.205593
33.804164,-118.205593
33.804164,-118.205593
33.802795,-118.205638
33.804164,-118.205593
33.840786,-118.203793
33.8031,-118.204528
33.799988,-118.20443
33.845772,-118.202447
33.803513,-118.20433
33.802763,-118.20433
33.84193,-118.204338
33.844997,-118.2024
33.804368,-118.205825
33.804368,-118.205825
33.804368,-118.205825
33.804368,-118.205825
33.804368,-118.205825
33.804368,-118.205825
33.785569,-118.204814
33.804368,-118.205825
33.804368,-118.205825
33.804368,-118.205825
33.804368,-118.205825
33.803008,-118.205821
33.802787,-118.204379
33.802472,-118.205155
33.802785,-118.204362
33.804201,-118.205645
33.804201,-118.205645
33.804201,-118.205645
33.804201,-118.205645
33.802848,-118.204413
33.806297,-118.204667
33.792219,-118.205635
33.84593,-118.202588
33.795785,-118.205522
33.781853,-118.205321
33.804817,-118.204637
33.804962,-118.204613
33.861062,-118.196883
33.803549,-118.204608
33.804037,-118.204461
33.805247,-118.20462
33.805472,-118.204462
33.805472,-118.204462
33.805472,-118.204462
33.805472,-118.204462
33.805472,-118.204462
33.805472,-118.204462
33.805472,-118.204462
33.805472,-118.204462
33.805472,-118.204462
33.805472,-118.204462
33.805472,-118.204462
33.805472,-118.204462
33.805472,-118.204462
33.805472,-118.204462
33.805472,-118.204462
33.805472,-118.204462
33.805472,-118.204462
33.805472,-118.204462
33.805472,-118.204462
33.805472,-118.204462
33.805472,-118.204462
33.805472,-118.204462
33.805472,-118.204462
33.805472,-118.204462
33.805472,-118.204462
33.805472,-118.204462
33.805472,-118.204462
33.805472,-118.204462
33.805472,-118.204462
33.805472,-118.204462
33.805472,-118.204462
33.805472,-118.204462
33.805472,-118.204462
33.805472,-118.204462
33.805472,-118.204462
33.836588,-118.203041
33.83893,-118.203125
33.837091,-118.202971
33.839254,-118.202715
33.845972,-118.202555
33.838647,-118.202897
33.802167,-118.204513
33.801938,-118.205153
33.803005,-118.205092
33.836533,-118.203042
33.80266,-118.204965
33.799864,-118.204435
33.802647,-118.20495
33.802643,-118.204974
33.800902,-118.204813
33.803036,-118.204772
33.84817,-118.202377
33.839942,-118.202583
33.804301,-118.205674
33.846295,-118.20337
33.836972,-118.202933
33.869161,-118.191465
33.854455,-118.20109
33.794379,-118.204917
33.795517,-118.204789
33.833657,-118.203336
33.845967,-118.202568
33.832867,-118.203545
33.862355,-118.195725
33.806358,-118.205408
33.799742,-118.206054
33.83376,-118.203668
33.800455,-118.205984
33.803775,-118.205257
33.802599,-118.204834
33.798448,-118.204483
33.806046,-118.205375
33.838881,-118.202908
33.805659,-118.205418
33.844619,-118.202286
33.803377,-118.205528
33.80492,-118.20527
33.805049,-118.20526
33.803292,-118.205474
33.804987,-118.205013
33.803654,-118.205215
33.84365,-118.202444
33.802401,-118.205613
33.838496,-118.202834
33.83353,-118.203477
33.803152,-118.205835
33.80319,-118.205496
33.83872,-118.202944
33.804983,-118.204902
33.803902,-118.205363
33.868659,-118.191862
33.84523,-118.202274
33.837164,-118.203028
33.802525,-118.204475
33.804092,-118.205274
33.805178,-118.205406
33.808973,-118.205363
33.804845,-118.205445
33.805247,-118.204628
33.80582,-118.204653
33.807829,-118.205427
33.804003,-118.204585
33.804003,-118.204585
33.838664,-118.203064
33.807562,-118.205477
33.804912,-118.204643
33.801395,-118.205535
33.804003,-118.204585
33.803975,-118.205313
33.802674,-118.205293
33.805726,-118.20491
33.804003,-118.204585
33.804003,-118.204585
33.806391,-118.205595
33.806547,-118.204705
33.802274,-118.205711
33.80213,-118.205013
33.807253,-118.205089
33.802717,-118.20434
33.805251,-118.205129
33.804003,-118.204585
33.804962,-118.204645
33.804003,-118.204585
33.800791,-118.205169
33.807825,-118.205305
33.807454,-118.205501
33.803822,-118.204438
33.805111,-118.204344
33.802098,-118.204792
33.807717,-118.205632
33.807014,-118.205313
33.790085,-118.205952
33.802709,-118.20533
33.869258,-118.191699
33.804143,-118.205373
33.804003,-118.204585
33.804003,-118.204585
33.804003,-118.204585
33.80225,-118.205043
33.804003,-118.204585
33.797897,-118.205526
33.805992,-118.205096
33.804003,-118.204585
33.804912,-118.204643
33.805271,-118.205423
33.805825,-118.204615
33.802341,-118.205739
33.804003,-118.204585
33.804912,-118.204643
33.837978,-118.202889
33.844247,-118.203842
33.839044,-118.202853
33.804952,-118.204578
33.83825,-118.202911
33.804952,-118.204578
33.841113,-118.203553
33.806012,-118.205332
33.806012,-118.205332
33.806012,-118.205332
33.804952,-118.204578
33.806012,-118.205332
33.806012,-118.205332
33.850125,-118.20279
33.803984,-118.205534
33.838761,-118.202922
33.803984,-118.205534
33.803984,-118.205534
33.803984,-118.205534
33.842597,-118.2025
33.801508,-118.205429
33.803984,-118.205534
33.80335,-118.205602
33.807633,-118.20505
33.84235,-118.202465
33.80642,-118.204298
33.809023,-118.204742
33.80642,-118.204298
33.797636,-118.205771
33.798068,-118.204505
33.806358,-118.205408
33.804805,-118.20475
33.805368,-118.204662
33.800802,-118.204503
33.809197,-118.206005
33.804675,-118.20482
33.805368,-118.204662
33.845967,-118.2024
33.802612,-118.204542
33.805482,-118.204454
33.80642,-118.204298
33.80352,-118.204562
33.802612,-118.204542
33.797132,-118.204827
33.808623,-118.204322
33.80642,-118.204298
33.801708,-118.204535
33.801741,-118.204475
33.799888,-118.204468
33.802612,-118.204542
33.807633,-118.20505
33.806609,-118.205157
33.84817,-118.202377
33.84817,-118.202377
33.819072,-118.204362
33.80177,-118.205491
33.819081,-118.204432
33.798068,-118.204505
33.797493,-118.205256
33.798068,-118.204505
33.808623,-118.204322
33.808185,-118.204766
33.804595,-118.204802
33.805159,-118.20466
33.805159,-118.20466
33.805159,-118.20466
33.841137,-118.202668
33.805159,-118.20466
33.805221,-118.204628
33.805159,-118.20466
33.805221,-118.204628
33.805221,-118.204628
33.805221,-118.204628
33.80592,-118.2055
33.84817,-118.202377
33.805159,-118.20466
33.807755,-118.204797
33.805221,-118.204628
33.805159,-118.20466
33.805159,-118.20466
33.805221,-118.204628
33.805159,-118.20466
33.805159,-118.20466
33.805159,-118.20466
33.805221,-118.204628
33.805221,-118.204628
33.806033,-118.204653
33.805159,-118.20466
33.805159,-118.20466
33.805221,-118.204628
33.805159,-118.20466
33.805159,-118.20466
33.805221,-118.204628
33.805159,-118.20466
33.805159,-118.20466
33.805159,-118.20466
33.805159,-118.20466
33.805159,-118.20466
33.805159,-118.20466
33.805221,-118.204628
33.805159,-118.20466
33.805221,-118.204628
33.805159,-118.20466
33.802513,-118.204453
33.805159,-118.20466
33.804692,-118.204653
33.805159,-118.20466
33.805159,-118.20466
33.805221,-118.204628
33.805221,-118.204628
33.805221,-118.204628
33.805159,-118.20466
33.805159,-118.20466
33.805159,-118.20466
33.805159,-118.20466
33.805159,-118.20466
33.805221,-118.204628
33.805221,-118.204628
33.805159,-118.20466
33.805159,-118.20466
33.805159,-118.20466
33.805159,-118.20466
33.805159,-118.20466
33.805159,-118.20466
33.805221,-118.204628
33.803862,-118.204755
33.836039,-118.203211
33.803997,-118.20462
33.841271,-118.202618
33.805663,-118.2052
33.816769,-118.204563
33.803412,-118.204505
33.804787,-118.205559
33.841102,-118.202655
33.802527,-118.204507
33.802113,-118.20417
33.841102,-118.202655
33.80343,-118.204497
33.833958,-118.203425
33.83486,-118.203318
33.80343,-118.204497
33.842922,-118.202572
33.842922,-118.202572
33.841102,-118.202655
33.833055,-118.203475
33.840198,-118.202612
33.804335,-118.204643
33.843825,-118.202428
33.838493,-118.203168
33.841102,-118.202655
33.80343,-118.204497
33.841102,-118.202655
33.802527,-118.204507
33.806147,-118.204667
33.790646,-118.204231
33.802507,-118.204505
33.863783,-118.194841
33.80432,-118.20458
33.841102,-118.202655
33.804335,-118.204643
33.806147,-118.204667
33.80432,-118.20458
33.804335,-118.204643
33.843825,-118.202428
33.840198,-118.202612
33.840198,-118.202612
33.842013,-118.202597
33.844723,-118.202317
33.840198,-118.202612
33.803602,-118.205106
33.804885,-118.20571
33.845627,-118.202315
33.80343,-118.204497
33.842922,-118.202572
33.803184,-118.204403
33.840198,-118.202612
33.840198,-118.202612
33.841102,-118.202655
33.804335,-118.204643
33.804601,-118.205156
33.79993,-118.204624
33.833028,-118.203505
33.802319,-118.204285
33.832785,-118.203466
33.802399,-118.204346
33.795126,-118.204426
33.800317,-118.205174
33.802046,-118.204545
33.800654,-118.205674
33.799731,-118.205782
33.84737,-118.202142
33.843319,-118.203263
33.817953,-118.204645
33.800171,-118.204178
33.802334,-118.204308
33.796637,-118.205641
33.796637,-118.205641
33.800902,-118.204505
33.862542,-118.195579
33.845703,-118.202408
33.804344,-118.205476
33.839308,-118.203008
33.804344,-118.205476
33.804344,-118.205476
33.805447,-118.204605
33.804344,-118.205476
33.800288,-118.204497
33.811353,-118.204742
33.817425,-118.204763
33.803555,-118.204522
33.842288,-118.20247
33.896116,-118.186494
33.885588,-118.187368
33.893362,-118.185916
33.895474,-118.185681
33.894548,-118.185833
33.836913,-118.203058
33.862962,-118.195587
33.830203,-118.205687
33.837239,-118.203032
33.8632,-118.195305
33.839455,-118.202766
33.839452,-118.202795
33.839459,-118.202766
33.839458,-118.20272
33.8632,-118.195305
33.839458,-118.202751
33.804225,-118.204608
33.83948,-118.202786
33.84373,-118.202373
33.839488,-118.202755
33.796905,-118.204475
33.80237,-118.204475
33.800497,-118.20447
33.836243,-118.203114
33.798087,-118.20447
33.804309,-118.20554
33.847482,-118.202213
33.792538,-118.204462
33.794647,-118.20447
33.79328,-118.20447
33.804124,-118.20431
33.847352,-118.20218
33.839153,-118.202777
33.802773,-118.204556
33.803334,-118.205532
33.802813,-118.204207
33.833624,-118.203529
33.803334,-118.205532
33.803334,-118.205532
33.803334,-118.205532
33.803334,-118.205532
33.803334,-118.205532
33.803334,-118.205532
33.803334,-118.205532
33.803334,-118.205532
33.803334,-118.205532
33.803334,-118.205532
33.803334,-118.205532
33.803334,-118.205532
33.803334,-118.205532
33.839471,-118.202855
33.791881,-118.205892
33.838995,-118.2027
33.840821,-118.202583
33.832718,-118.20357
33.832785,-118.203394
33.832749,-118.203459
33.832767,-118.203437
33.832803,-118.203587
33.83282,-118.20348
33.801516,-118.205164
33.813782,-118.204528
33.862554,-118.195623
33.802336,-118.204317
33.804309,-118.20554
33.804309,-118.20554
33.843701,-118.202366
33.804309,-118.20554
33.804309,-118.20554
33.834869,-118.203244
33.804309,-118.20554
33.804309,-118.20554
33.804309,-118.20554
33.804309,-118.20554
33.804309,-118.20554
33.804309,-118.20554
33.804309,-118.20554
33.833247,-118.203408
33.805507,-118.205443
33.797147,-118.204507
33.801196,-118.204268
33.803144,-118.205447
33.802995,-118.204513
33.835469,-118.203456
33.803715,-118.205457
33.803715,-118.205457
33.803402,-118.204264
33.803715,-118.205457
33.837653,-118.202967
33.803715,-118.205457
33.803715,-118.205457
33.784775,-118.204952
33.803715,-118.205457
33.803715,-118.205457
33.836475,-118.203094
33.806603,-118.204737
33.798009,-118.205608
33.833613,-118.203462
33.833805,-118.203453
33.83268,-118.203728
33.838367,-118.202995
33.844505,-118.202387
33.835288,-118.203247
33.842608,-118.202553
33.842937,-118.202508
33.84058,-118.202575
33.805325,-118.204408
33.802951,-118.205441
33.802805,-118.204513
33.803896,-118.20549
33.805763,-118.204577
33.804067,-118.205006
33.832858,-118.203472
33.800912,-118.205846
33.803445,-118.204453
33.797721,-118.204293
33.807222,-118.205559
33.803103,-118.204371
33.801848,-118.205298
33.802987,-118.205248
33.807192,-118.205577
33.805769,-118.204915
33.808543,-118.205459
33.805698,-118.20503
33.802193,-118.205234
33.839003,-118.202833
33.816783,-118.20461
33.804988,-118.204637
33.799652,-118.205717
33.80418,-118.20462
33.806113,-118.204645
33.844545,-118.202317
33.802078,-118.204505
33.842183,-118.202583
33.836538,-118.203087
33.845638,-118.202317
33.840797,-118.202628
33.806175,-118.204675
33.838895,-118.20295
33.806145,-118.20465
33.805142,-118.204605
33.842495,-118.202513
33.836525,-118.203067
33.803555,-118.204553
33.842362,-118.20253
33.845172,-118.202295
33.844108,-118.202408
33.805575,-118.204588
33.803378,-118.204522
33.80355,-118.204537
33.804141,-118.205649
33.819339,-118.205405
33.8031,-118.205512
33.81964,-118.205594
33.803865,-118.204649
33.803899,-118.205778
33.804007,-118.205383
33.802934,-118.20471
33.804007,-118.205383
33.806313,-118.204483
33.804007,-118.205383
33.806313,-118.204483
33.80246,-118.204934
33.805254,-118.205501
33.803204,-118.205607
33.803864,-118.206
33.804007,-118.205383
33.804007,-118.205383
33.803342,-118.204736
33.805287,-118.205442
33.804007,-118.205383
33.801128,-118.204498
33.80381,-118.205585
33.80394,-118.204943
33.842008,-118.204442
33.832349,-118.203778
33.804326,-118.205558
33.837299,-118.203575
33.831495,-118.203556
33.831788,-118.203528
33.844567,-118.202234
33.832023,-118.203935
33.83199,-118.203812
33.83849,-118.2027
33.821055,-118.20575
33.887742,-118.187686
33.798976,-118.20431
33.804326,-118.205558
33.805215,-118.20517
33.804326,-118.205558
33.800873,-118.204503
33.804326,-118.205558
33.80587,-118.20475
33.804326,-118.205558
33.805923,-118.204675
33.792007,-118.204525
33.804326,-118.205558
33.80313,-118.204522
33.804127,-118.204638
33.804326,-118.205558
33.795957,-118.204392
33.804326,-118.205558
33.804326,-118.205558
33.804326,-118.205558
33.84616,-118.202568
33.804326,-118.205558
33.800607,-118.204525
33.804326,-118.205558
33.80197,-118.204445
33.804326,-118.205558
33.800697,-118.204415
33.800788,-118.20454
33.80631,-118.204683
33.804326,-118.205558
33.804326,-118.205558
33.792063,-118.20457
33.804326,-118.205558
33.804326,-118.205558
33.8065,-118.204825
33.804326,-118.205558
33.804326,-118.205558
33.804326,-118.205558
33.798047,-118.204653
33.804326,-118.205558
33.804326,-118.205558
33.804326,-118.205558
33.796313,-118.204537
33.803508,-118.20459
33.804326,-118.205558
33.804326,-118.205558
33.804326,-118.205558
33.804326,-118.205558
33.804326,-118.205558
33.804326,-118.205558
33.804326,-118.205558
33.803324,-118.205481
33.810138,-118.204572
33.809172,-118.20443
33.808233,-118.204488
33.805943,-118.20591
33.797063,-118.204497
33.803305,-118.205489
33.797264,-118.204526
33.797264,-118.204526
33.866667,-118.193056
33.804301,-118.205674
33.806322,-118.205343
33.806322,-118.205343
33.806322,-118.205343
33.806322,-118.205343
33.804696,-118.205044
33.806322,-118.205343
33.806322,-118.205343
33.804688,-118.205019
33.806046,-118.205375
33.806046,-118.205375
33.806046,-118.205375
33.806046,-118.205375
33.806046,-118.205375
33.806046,-118.205375
33.806046,-118.205375
33.806358,-118.205408
33.806046,-118.205375
33.806046,-118.205375
33.806046,-118.205375
33.806358,-118.205408
33.806046,-118.205375
33.806358,-118.205408
33.806046,-118.205375
33.806046,-118.205375
33.806046,-118.205375
33.80726,-118.205405
33.806358,-118.205408
33.806046,-118.205375
33.806046,-118.205375
33.806358,-118.205408
33.806046,-118.205375
33.806046,-118.205375
33.806358,-118.205408
33.797147,-118.204507
33.806358,-118.205408
33.841597,-118.202613
33.806358,-118.205408
33.806046,-118.205375
33.806358,-118.205408
33.806358,-118.205408
33.806046,-118.205375
33.806358,-118.205408
33.806046,-118.205375
33.806046,-118.205375
33.806358,-118.205408
33.806358,-118.205408
33.806358,-118.205408
33.806358,-118.205408
33.806046,-118.205375
33.806358,-118.205408
33.806358,-118.205408
33.806358,-118.205408
33.806046,-118.205375
33.806358,-118.205408
33.806358,-118.205408
33.806358,-118.205408
33.806046,-118.205375
33.806358,-118.205408
33.797147,-118.204507
33.799599,-118.205225
33.79821,-118.20449
33.805939,-118.205225
33.79821,-118.20449
33.799599,-118.205225
33.79821,-118.20449
33.805202,-118.205353
33.799599,-118.205225
33.799599,-118.205225
33.799599,-118.205225
33.799599,-118.205225
33.79821,-118.20449
33.799599,-118.205225
33.799599,-118.205225
33.799599,-118.205225
33.799599,-118.205225
33.799599,-118.205225
33.799599,-118.205225
33.805702,-118.204658
33.797147,-118.204507
33.799599,-118.205225
33.799599,-118.205225
33.798009,-118.205608
33.804301,-118.205674
33.801508,-118.205429
33.801508,-118.205429
33.804897,-118.205939
33.801508,-118.205429
33.801508,-118.205429
33.801508,-118.205429
33.805681,-118.205412
33.801508,-118.205429
33.805782,-118.205658
33.804301,-118.205674
33.804301,-118.205674
33.804301,-118.205674
33.801508,-118.205429
33.804301,-118.205674
33.801508,-118.205429
33.801508,-118.205429
33.804301,-118.205674
33.804301,-118.205674
33.801508,-118.205429
33.804301,-118.205674
33.801508,-118.205429
33.805681,-118.205412
33.804301,-118.205674
33.804301,-118.205674
33.801508,-118.205429
33.804301,-118.205674
33.80258,-118.204495
33.802708,-118.204882
33.802963,-118.205434
33.802718,-118.204991
33.805894,-118.205327
33.893457,-118.1862
33.805731,-118.204289
33.805472,-118.205349
33.804207,-118.205835
33.805472,-118.205349
33.804207,-118.205835
33.804031,-118.204884
33.806231,-118.205452
33.807161,-118.205447
33.804207,-118.205835
33.791631,-118.205626
33.803512,-118.205533
33.805416,-118.205487
33.806979,-118.205476
33.798009,-118.205608
33.801489,-118.204746
33.803589,-118.204789
33.797205,-118.205399
33.797205,-118.205399
33.797205,-118.205399
33.790974,-118.204186
33.797205,-118.205399
33.790974,-118.204186
33.797205,-118.205399
33.797205,-118.205399
33.797205,-118.205399
33.797205,-118.205399
33.797205,-118.205399
33.797205,-118.205399
33.798009,-118.205608
33.798009,-118.205608
33.798009,-118.205608
33.84245,-118.202483
33.798009,-118.205608
33.798009,-118.205608
33.798009,-118.205608
33.798009,-118.205608
33.798009,-118.205608
33.798009,-118.205608
33.798009,-118.205608
33.798009,-118.205608
33.798009,-118.205608
33.798009,-118.205608
33.798009,-118.205608
33.798009,-118.205608
33.798009,-118.205608
33.798009,-118.205608
33.798009,-118.205608
33.798009,-118.205608
33.798009,-118.205608
33.798009,-118.205608
33.798009,-118.205608
33.798009,-118.205608
33.798009,-118.205608
33.798009,-118.205608
33.798009,-118.205608
33.798009,-118.205608
33.798009,-118.205608
33.798009,-118.205608
33.798009,-118.205608
33.798009,-118.205608
33.798009,-118.205608
33.798009,-118.205608
33.798009,-118.205608
33.798009,-118.205608
33.798009,-118.205608
33.798009,-118.205608
33.798009,-118.205608
33.833592,-118.2035
33.783787,-118.20552
33.844813,-118.202282
33.833191,-118.203545
33.843396,-118.202638
33.834846,-118.203309
33.845963,-118.202575
33.863803,-118.195345
33.802599,-118.204834
33.844723,-118.202358
33.802599,-118.204834
33.802599,-118.204834
33.802599,-118.204834
33.802599,-118.204834
33.802599,-118.204834
33.802599,-118.204834
33.802599,-118.204834
33.784131,-118.204776
33.844942,-118.202333
33.844988,-118.202365
33.845718,-118.202342
33.847492,-118.202273
33.84635,-118.202145
33.847272,-118.202167
33.847272,-118.202162
33.845782,-118.202623
33.84581,-118.202355
33.845797,-118.202472
33.845273,-118.202322
33.847312,-118.20215
33.846298,-118.202555
33.845595,-118.202573
33.845655,-118.202323
33.845028,-118.202367
33.835487,-118.203246
33.845166,-118.202342
33.832967,-118.203737
33.82238,-118.20478
33.845925,-118.202441
33.803038,-118.204495
33.846297,-118.202386
33.861838,-118.196548
33.807028,-118.205612
33.846358,-118.202278
33.862688,-118.195525
33.803038,-118.204495
33.861288,-118.196595
33.8377,-118.20292
33.836875,-118.203095
33.845465,-118.202486
33.804656,-118.204405
33.840826,-118.202835
33.846456,-118.202325
33.836578,-118.203155
33.836869,-118.203133
33.845688,-118.202417
33.804992,-118.20463
33.804992,-118.20463
33.838722,-118.20295
33.801878,-118.204512
33.838654,-118.202884
33.802302,-118.204485
33.837639,-118.202919
33.803038,-118.204495
33.840854,-118.202574
33.803943,-118.20456
33.841755,-118.202827
33.803205,-118.204493
33.801878,-118.204512
33.803943,-118.20456
33.803943,-118.20456
33.804992,-118.20463
33.846444,-118.202331
33.806799,-118.204941
33.846355,-118.202326
33.836839,-118.203178
33.845713,-118.202408
33.844884,-118.202344
33.846378,-118.202346
33.84496,-118.202376
33.846354,-118.202278
33.800477,-118.204311
33.846347,-118.20233
33.862178,-118.19622
33.846397,-118.202278
33.845208,-118.202269
33.846375,-118.202356
33.804588,-118.204627
33.846403,-118.202317
33.846333,-118.202322
33.80278,-118.204517
33.859817,-118.197512
33.803682,-118.204555
33.800958,-118.204537
33.80278,-118.204517
33.803682,-118.204555
33.80549,-118.20462
33.804588,-118.204627
33.80188,-118.204428
33.804588,-118.204627
33.80188,-118.204428
33.803682,-118.204555
33.804233,-118.20441
33.809378,-118.20487
33.80549,-118.20462
33.80549,-118.20462
33.80278,-118.204517
33.80278,-118.204517
33.791397,-118.20419
33.80188,-118.204428
33.803682,-118.204555
33.80188,-118.204428
33.801865,-118.204522
33.800958,-118.204537
33.805239,-118.205446
33.803486,-118.205472
33.845198,-118.202469
33.80331,-118.205901
33.805282,-118.205257
33.803538,-118.204534
33.803107,-118.205468
33.802261,-118.205258
33.795971,-118.204237
33.804063,-118.205154
33.800768,-118.205647
33.802366,-118.205423
33.805592,-118.205521
33.800903,-118.205612
33.803645,-118.205056
33.837499,-118.203002
33.802453,-118.204161
33.803736,-118.205799
33.805528,-118.205331
33.778959,-118.205507
33.800896,-118.205847
33.80095,-118.204484
33.80554,-118.205274
33.801577,-118.205577
33.844338,-118.202527
33.802987,-118.204508
33.803623,-118.205128
33.802738,-118.204473
33.803335,-118.205422
33.800556,-118.205686
33.800897,-118.205208
33.805187,-118.204658
33.803921,-118.205471
33.804871,-118.205216
33.802899,-118.20596
33.801557,-118.205426
33.805255,-118.205497
33.803145,-118.20552
33.800544,-118.205659
33.800556,-118.205658
33.800767,-118.205122
33.80459,-118.20544
33.804876,-118.20531
33.805335,-118.205476
33.803241,-118.205274
33.801739,-118.205016
33.805109,-118.205682
33.803664,-118.205465
33.805198,-118.205453
33.805605,-118.205358
33.803766,-118.205521
33.803165,-118.205438
33.802116,-118.205652
33.800612,-118.20565
33.8041,-118.205398
33.802835,-118.205866
33.805156,-118.205504
33.803188,-118.205201
33.804994,-118.204514
33.803176,-118.205474
33.805037,-118.205243
33.805353,-118.20512
33.804911,-118.205442
33.803973,-118.205201
33.801495,-118.20557
33.801301,-118.205818
33.803178,-118.205506
33.801489,-118.205227
33.80835,-118.20475
33.806705,-118.205596
33.805809,-118.20486
33.80825,-118.205562
33.805539,-118.20489
33.806109,-118.204944
33.803436,-118.204931
33.801526,-118.204281
33.803203,-118.205566
33.8049,-118.205243
33.808252,-118.205475
33.801981,-118.204277
33.802195,-118.204413
33.805501,-118.204359
33.831227,-118.204557
33.803135,-118.205412
33.8015,-118.204284
33.805138,-118.20462
33.802963,-118.204483
33.805151,-118.20471
33.80357,-118.204229
33.805499,-118.205144
33.8042,-118.204628
33.80512,-118.204604
33.802781,-118.204302
33.802958,-118.205544
33.801443,-118.205436
33.80552,-118.204545
33.804025,-118.204881
33.803375,-118.204256
33.805578,-118.20489
33.806056,-118.205696
33.804001,-118.20542
33.805761,-118.205123
33.805325,-118.204658
33.801366,-118.205519
33.808115,-118.205494
33.807199,-118.205104
33.803301,-118.205448
33.804737,-118.204645
33.794767,-118.204475
33.79794,-118.205455
33.801923,-118.205509
33.802523,-118.204298
33.803318,-118.20549
33.795833,-118.205396
33.800514,-118.206131
33.800908,-118.20575
33.800633,-118.204277
33.802917,-118.204253
33.804118,-118.205412
33.800583,-118.205643
33.800938,-118.205566
33.801668,-118.205159
33.800883,-118.204437
33.800868,-118.204299
33.800638,-118.205758
33.80639,-118.204966
33.804062,-118.204978
33.803112,-118.204553
33.805471,-118.205813
33.804069,-118.204724
33.797938,-118.204405
33.804934,-118.205141
33.803995,-118.204583
33.803995,-118.204567
33.803108,-118.204505
33.805428,-118.204645
33.803903,-118.204545
33.803903,-118.204558
33.805962,-118.204628
33.804,-118.204545
33.805978,-118.204637
33.803908,-118.204553
33.803903,-118.204545
33.803905,-118.204553
33.805938,-118.204645
33.80392,-118.204567
33.80598,-118.204628
33.805958,-118.20465
33.802793,-118.204264
33.805272,-118.20462
33.80392,-118.204588
33.837397,-118.202982
33.818735,-118.204602
33.818693,-118.204596
33.802915,-118.204385
33.808264,-118.205793
33.803495,-118.20588
33.825192,-118.204612
33.794413,-118.205006
33.803066,-118.205322
33.863173,-118.195483
33.805803,-118.205577
33.818663,-118.204599
33.800918,-118.20567
33.805817,-118.204639
33.801526,-118.205625
33.802876,-118.204212
33.808872,-118.204819
33.819209,-118.20565
33.818362,-118.205447
33.817744,-118.205569
33.818519,-118.205384
33.820155,-118.204861
33.800923,-118.204716
33.842121,-118.202577
33.803867,-118.205852
33.805092,-118.205609
33.833558,-118.203383
33.797428,-118.205075
33.798538,-118.205074
33.80479,-118.20574
33.832841,-118.203408
33.800875,-118.20574
33.809253,-118.205722
33.79958,-118.204987
33.805463,-118.204605
33.803247,-118.204517
33.802908,-118.204522
33.80198,-118.204502
33.803594,-118.205311
33.803011,-118.205552
33.802108,-118.204815
33.803564,-118.205402
33.803541,-118.204785
33.804027,-118.205413
33.805204,-118.205467
33.804705,-118.205316
33.80285,-118.205005
33.805142,-118.205585
33.803528,-118.204758
33.805214,-118.205466
33.804018,-118.206175
33.802592,-118.205134
33.843947,-118.202422
33.804577,-118.20542
33.835188,-118.203287
33.83862,-118.202867
33.804257,-118.206262
33.804115,-118.205576
33.809605,-118.20472
33.804543,-118.205576
33.805089,-118.20526
33.803972,-118.205404
33.804789,-118.204638
33.838842,-118.202933
33.804789,-118.204638
33.800477,-118.204311
33.800477,-118.204311
33.876582,-118.190826
33.804789,-118.204638
33.8356,-118.203178
33.804789,-118.204638
33.804789,-118.204638
33.836219,-118.203122
33.800477,-118.204311
33.843356,-118.202482
33.808395,-118.205465
33.804789,-118.204638
33.803326,-118.204462
33.805348,-118.205614
33.805295,-118.205531
33.844212,-118.202375
33.80397,-118.205618
33.838842,-118.202933
33.844212,-118.202375
33.8029,-118.204512
33.80329,-118.2045
33.804291,-118.205035
33.844212,-118.202375
33.843308,-118.202478
33.803971,-118.20558
33.801697,-118.204515
33.804655,-118.204784
33.801697,-118.204515
33.840028,-118.202705
33.804655,-118.204784
33.804655,-118.204784
33.801697,-118.204515
33.890956,-118.18711
33.804075,-118.20458
33.804075,-118.20458
33.804075,-118.20458
33.803172,-118.204522
33.803172,-118.204522
33.803045,-118.204518
33.803045,-118.204518
33.802138,-118.204512
33.836862,-118.202957
33.804853,-118.204655
33.803045,-118.204518
33.804355,-118.204575
33.803045,-118.204518
33.805755,-118.204622
33.803953,-118.20459
33.803045,-118.204518
33.804853,-118.204655
33.805755,-118.204622
33.803045,-118.204518
33.804853,-118.204655
33.805755,-118.204622
33.80123,-118.204507
33.805857,-118.205018
33.804853,-118.204655
33.807178,-118.204781
33.803953,-118.20459
33.803953,-118.20459
33.804619,-118.205068
33.837733,-118.202888
33.840059,-118.202676
33.863175,-118.195387
33.805917,-118.204605
33.838255,-118.20288
33.806195,-118.205516
33.839267,-118.202963
33.840645,-118.202575
33.805333,-118.20449
33.842553,-118.202508
33.840813,-118.202597
33.802737,-118.204488
33.833267,-118.20343
33.803978,-118.205336
33.807799,-118.205475
33.866434,-118.193201
33.802896,-118.205273
33.803277,-118.20501
33.801364,-118.205493
33.80157,-118.205406
33.80872,-118.205498
33.803387,-118.20547
33.837647,-118.202911
33.837353,-118.203025
33.808898,-118.205592
33.838272,-118.202758
33.83555,-118.203261
33.837647,-118.202911
33.836239,-118.203103
33.807198,-118.20561
33.803879,-118.205006
33.805024,-118.2056
33.80498,-118.204849
33.866052,-118.193439
33.806896,-118.205431
33.803859,-118.204977
33.805009,-118.20536
33.834892,-118.2032
33.8368,-118.203025
33.802957,-118.20518
33.803354,-118.204957
33.804343,-118.204978
33.803994,-118.205122
33.803965,-118.206125
33.803965,-118.206125
33.803965,-118.206125
33.803965,-118.206125
33.803965,-118.206125
33.803965,-118.206125
33.803965,-118.206125
33.791432,-118.20406
33.803965,-118.206125
33.803965,-118.206125
33.803965,-118.206125
33.803965,-118.206125
33.803965,-118.206125
33.836887,-118.203025
33.803965,-118.206125
33.800583,-118.205133
33.794019,-118.204821
33.880054,-118.189486
33.835878,-118.203112
33.840745,-118.202627
33.838413,-118.202872
33.844222,-118.20243
33.804814,-118.204556
33.860899,-118.197034
33.839002,-118.202668
33.837978,-118.202888
33.802808,-118.204185
33.834328,-118.203322
33.840737,-118.202675
33.84223,-118.202522
33.834192,-118.203347
33.832743,-118.203373
33.841647,-118.202605
33.803154,-118.205424
33.799437,-118.205264
33.838633,-118.202872
33.803289,-118.205266
33.8381,-118.202888
33.801645,-118.205147
33.80351,-118.204735
33.83871,-118.202728
33.802222,-118.204775
33.803467,-118.204602
33.80458,-118.204763
33.803467,-118.204602
33.803477,-118.204748
33.874642,-118.189155
33.803467,-118.204602
33.803477,-118.204748
33.803465,-118.204532
33.801495,-118.204515
33.801315,-118.204538
33.803467,-118.204602
33.803477,-118.204748
33.801628,-118.205138
33.803467,-118.204602
33.80458,-118.204763
33.83258,-118.203606
33.80458,-118.204763
33.80458,-118.204763
33.803465,-118.204532
33.803477,-118.204748
33.80458,-118.204763
33.834633,-118.203262
33.803467,-118.204602
33.803477,-118.204748
33.833156,-118.203439
33.835255,-118.203225
33.843518,-118.202465
33.838397,-118.202908
33.842752,-118.202525
33.817297,-118.205551
33.801875,-118.204512
33.779602,-118.205269
33.842363,-118.202575
33.84287,-118.202512
33.803467,-118.204602
33.803477,-118.204748
33.832438,-118.203492
33.80458,-118.204763
33.8427,-118.202562
33.803467,-118.204602
33.875233,-118.190872
33.803467,-118.204602
33.83513,-118.203466
33.800947,-118.2045
33.836009,-118.203133
33.832523,-118.204231
33.782574,-118.20524
33.800947,-118.2045
33.803477,-118.204748
33.803467,-118.204602
33.796431,-118.205075
33.803477,-118.204748
33.800947,-118.2045
33.803467,-118.204602
33.803467,-118.204602
33.819172,-118.205598
33.801492,-118.204402
33.829,-118.204136
33.829,-118.204136
33.829,-118.204136
33.829,-118.204136
33.829,-118.204136
33.829,-118.204136
33.829,-118.204136
33.829,-118.204136
33.829,-118.204136
33.804803,-118.20558
33.804053,-118.205402
33.801487,-118.204598
33.864094,-118.194797
33.804273,-118.205334
33.801553,-118.205586
33.813462,-118.204518
33.863288,-118.195465
33.803959,-118.205807
33.801363,-118.205648
33.804167,-118.205787
33.801709,-118.205486
33.808607,-118.204737
33.801959,-118.205507
33.808172,-118.204425
33.782111,-118.204446
33.811322,-118.204633
33.863428,-118.195022
33.839082,-118.20286
33.803716,-118.205634
33.802044,-118.205515
33.801363,-118.205648
33.863646,-118.195344
33.804563,-118.205265
33.865428,-118.193864
33.801827,-118.205463
33.863288,-118.195465
33.861107,-118.196733
33.863157,-118.195387
33.804691,-118.205292
33.811346,-118.204685
33.863042,-118.195455
33.802463,-118.205407
33.804596,-118.205831
33.833107,-118.20346
33.833072,-118.20346
33.83269,-118.2035
33.803738,-118.205496
33.803624,-118.205007
33.838756,-118.202948
33.833673,-118.203445
33.832986,-118.203481
33.838621,-118.20292
33.79648,-118.204748
33.806568,-118.204387
33.806899,-118.205467
33.833396,-118.203429
33.838253,-118.202915
33.804711,-118.205222
33.803464,-118.205869
33.803728,-118.205599
33.803067,-118.204522
33.803728,-118.205599
33.838261,-118.202907
33.837693,-118.202945
33.838831,-118.202947
33.833927,-118.203427
33.83334,-118.203487
33.803947,-118.205695
33.803728,-118.205599
33.833927,-118.203427
33.803402,-118.205523
33.834066,-118.203399
33.782574,-118.20524
33.802177,-118.205703
33.802738,-118.205474
33.804038,-118.205424
33.803952,-118.204518
33.869055,-118.191675
33.804391,-118.205454
33.801231,-118.206137
33.804391,-118.205454
33.804391,-118.205454
33.806498,-118.205372
33.801231,-118.206137
33.801231,-118.206137
33.801231,-118.206137
33.807012,-118.20479
33.801231,-118.206137
33.801231,-118.206137
33.801231,-118.206137
33.801231,-118.206137
33.801231,-118.206137
33.804391,-118.205454
33.801231,-118.206137
33.806319,-118.205469
33.804391,-118.205454
33.804391,-118.205454
33.804391,-118.205454
33.804391,-118.205454
33.804391,-118.205454
33.804391,-118.205454
33.804391,-118.205454
33.804391,-118.205454
33.805917,-118.204563
33.876792,-118.19058
33.804391,-118.205286
33.86875,-118.191733
33.798619,-118.204711
33.802442,-118.205317
33.801037,-118.205058
33.80211,-118.2051
33.837495,-118.203033
33.806,-118.20465
33.803952,-118.204518
33.80597,-118.204537
33.809082,-118.204758
33.790643,-118.204712
33.799124,-118.204917
33.802047,-118.205322
33.798317,-118.204818
33.798365,-118.205138
33.796954,-118.205198
33.802096,-118.204765
33.793343,-118.204902
33.800503,-118.205262
33.800648,-118.205191
33.802662,-118.205216
33.791908,-118.204734
33.793026,-118.204767
33.799675,-118.204998
33.802426,-118.205253
33.801501,-118.205342
33.802128,-118.205194
33.802456,-118.204072
33.802168,-118.205097
33.799282,-118.204769
33.782574,-118.20524
33.804391,-118.205286
33.804391,-118.205286
33.804391,-118.205286
33.804391,-118.205286
33.804391,-118.205286
33.804391,-118.205286
33.804391,-118.205286
33.804391,-118.205286
33.804391,-118.205286
33.792129,-118.204483
33.804391,-118.205286
33.804391,-118.205286
33.804391,-118.205286
33.804391,-118.205286
33.804391,-118.205286
33.834512,-118.203317
33.804391,-118.205286
33.804391,-118.205286
33.804391,-118.205286
33.804391,-118.205286
33.803458,-118.204514
33.804172,-118.205094
33.804391,-118.205286
33.804391,-118.205286
33.799092,-118.205951
33.804391,-118.205286
33.804391,-118.205286
33.804391,-118.205286
33.804391,-118.205286
33.804391,-118.205286
33.804391,-118.205286
33.804391,-118.205286
33.804391,-118.205286
33.804391,-118.205286
33.804391,-118.205286
33.804391,-118.205286
33.804391,-118.205286
33.802641,-118.20486
33.782574,-118.20524
33.80237,-118.205147
33.804732,-118.204346
33.813516,-118.205825
33.80237,-118.205033
33.805668,-118.204528
33.803612,-118.205569
33.797875,-118.204502
33.840367,-118.202592
33.803612,-118.205569
33.802993,-118.205172
33.803728,-118.20603
33.804629,-118.206341
33.803612,-118.205569
33.803612,-118.205569
33.817129,-118.206442
33.803612,-118.205569
33.803122,-118.205161
33.804762,-118.205472
33.840113,-118.202713
33.843455,-118.202392
33.804883,-118.205336
33.842317,-118.202562
33.833028,-118.203462
33.837898,-118.202759
33.843487,-118.202368
33.83281,-118.203386
33.843683,-118.202509
33.804326,-118.205558
33.863171,-118.195275
33.866891,-118.192881
33.861536,-118.196385
33.863319,-118.195146
33.862862,-118.195385
33.864218,-118.195013
33.86726,-118.192672
33.863825,-118.195188
33.86641,-118.19351
33.863299,-118.195185
33.862703,-118.195519
33.863783,-118.194846
33.867357,-118.192608
33.862607,-118.195783
33.862171,-118.196096
33.863422,-118.195192
33.862427,-118.195648
33.86073,-118.196859
33.861584,-118.196509
33.805117,-118.205149
33.814708,-118.205862
33.814708,-118.205862
33.814708,-118.205862
33.814708,-118.205862
33.814708,-118.205862
33.814708,-118.205862
33.814708,-118.205862
33.814708,-118.205862
33.814708,-118.205862
33.814708,-118.205862
33.804167,-118.204167
33.804803,-118.20558
33.804803,-118.20558
33.804803,-118.20558
33.804803,-118.20558
33.804803,-118.20558
33.804803,-118.20558
33.804803,-118.20558
33.804803,-118.20558
33.860278,-118.197892
33.804803,-118.20558
33.860813,-118.196913
33.865783,-118.194785
33.859672,-118.197542
33.804803,-118.20558
33.861542,-118.19767
33.804803,-118.20558
33.804803,-118.20558
33.804803,-118.20558
33.804803,-118.20558
33.804803,-118.20558
33.804803,-118.20558
33.804803,-118.20558
33.804803,-118.20558
33.804803,-118.20558
33.804898,-118.205938
33.804898,-118.205938
33.835542,-118.203238
33.833167,-118.203413
33.837983,-118.202867
33.836522,-118.202995
33.816368,-118.206486
33.840945,-118.202512
33.7941,-118.20584
33.793529,-118.204805
33.795036,-118.204923
33.793978,-118.205058
33.794131,-118.205869
33.794225,-118.20495
33.795045,-118.205755
33.794617,-118.204843
33.781974,-118.205108
33.782129,-118.205146
33.782223,-118.205078
33.790477,-118.205591
33.794438,-118.205005
33.794425,-118.205173
33.806688,-118.20522
33.793761,-118.204939
33.793906,-118.205344
33.793212,-118.204998
33.794211,-118.204762
33.794505,-118.20517
33.790678,-118.205353
33.790773,-118.205204
33.794218,-118.20477
33.794416,-118.205175
33.80669,-118.205196
33.793694,-118.204778
33.840176,-118.20325
33.794521,-118.205244
33.793158,-118.205668
33.796257,-118.205102
33.793688,-118.20477
33.793698,-118.204778
33.794318,-118.204775
33.793492,-118.205636
33.862285,-118.196991
33.794647,-118.204772
33.795176,-118.205062
33.800537,-118.204768
33.794272,-118.204915
33.838632,-118.203996
33.80149,-118.204398
33.793576,-118.205132
33.847839,-118.203184
33.794555,-118.205124
33.863052,-118.195772
33.796452,-118.204771
33.858568,-118.199547
33.80288,-118.204361
33.847333,-118.203213
33.801785,-118.205272
33.794031,-118.205081
33.782146,-118.205069
33.802893,-118.20435
33.847701,-118.20313
33.80289,-118.205336
33.794049,-118.205826
33.795385,-118.204971
33.793628,-118.204848
33.793723,-118.205161
33.846912,-118.203688
33.794738,-118.205701
33.846172,-118.20213
33.794067,-118.205812
33.795766,-118.205711
33.794611,-118.204923
33.802773,-118.204368
33.793688,-118.204971
33.782146,-118.205069
33.820059,-118.204775
33.801272,-118.204311
33.796903,-118.204045
33.863271,-118.195363
33.847822,-118.203169
33.793545,-118.20511
33.795671,-118.205064
33.803101,-118.204318
33.790464,-118.205434
33.835621,-118.203096
33.83507,-118.203372
33.793791,-118.205144
33.80253,-118.204293
33.846962,-118.204065
33.863159,-118.195434
33.79514,-118.204316
33.791862,-118.204832
33.846771,-118.203795
33.793938,-118.205116
33.797182,-118.204523
33.805417,-118.205158
33.779602,-118.205269
33.779602,-118.205269
33.779602,-118.205269
33.840945,-118.202512
33.801528,-118.204528
33.804799,-118.205051
33.798976,-118.205207
33.804687,-118.205218
33.803745,-118.204835
33.836535,-118.202944
33.802777,-118.205551
33.838503,-118.202727
33.797117,-118.20625
33.801799,-118.205641
33.805391,-118.205187
33.798325,-118.206189
33.797644,-118.205741
33.801124,-118.205741
33.80387,-118.205362
33.802969,-118.20559
33.79736,-118.20578
33.800406,-118.205828
33.800594,-118.205783
33.801573,-118.205689
33.80128,-118.205761
33.805379,-118.205177
33.805407,-118.205158
33.803538,-118.205253
33.782574,-118.20524
33.782574,-118.20524
33.782574,-118.20524
33.836839,-118.203015
33.78228,-118.205181
33.833438,-118.203413
33.785605,-118.20532
33.835603,-118.203097
33.817297,-118.205551
33.817249,-118.204355
33.804576,-118.206099
33.804576,-118.206099
33.804576,-118.206099
33.782574,-118.20524
33.804576,-118.206099
33.782574,-118.20524
33.782574,-118.20524
33.782574,-118.20524
33.782574,-118.20524
33.782574,-118.20524
33.782574,-118.20524
33.817297,-118.205551
33.817297,-118.205551
33.817297,-118.205551
33.782195,-118.205232
33.813963,-118.20521
33.778961,-118.2054
33.805001,-118.205589
33.804787,-118.205559
33.838612,-118.202874
33.797875,-118.204502
33.782331,-118.205229
33.845354,-118.203138
33.835746,-118.203084
33.782182,-118.205015
33.783537,-118.204913
33.844375,-118.203263
33.784324,-118.205571
33.843945,-118.202517
33.804175,-118.20442
33.80265,-118.20526
33.803386,-118.205732
33.838633,-118.202837
33.782819,-118.205461
33.782819,-118.205461
33.803275,-118.204982
33.786615,-118.205615
33.793816,-118.205546
33.793816,-118.205546
33.793816,-118.205546
33.793816,-118.205546
33.793816,-118.205546
33.793816,-118.205546
33.844039,-118.202322
33.789712,-118.204406
33.804325,-118.205558
33.784978,-118.20537
33.786647,-118.205886
33.845034,-118.202343
33.805386,-118.205031
33.804045,-118.205225
33.802228,-118.205224
33.801916,-118.204994
33.804834,-118.204924
33.801979,-118.205188
33.804083,-118.205235
33.802379,-118.205544
33.805374,-118.205245
33.80506,-118.204894
33.802196,-118.205232
33.800867,-118.205322
33.80303,-118.205152
33.800982,-118.205656
33.805816,-118.205038
33.80317,-118.205281
33.801935,-118.205593
33.893095,-118.185771
33.832858,-118.203597
33.842441,-118.20247
33.832797,-118.203605
33.804897,-118.205939
33.863206,-118.195358
33.866765,-118.19302
33.805706,-118.204931
33.840945,-118.202815
33.840945,-118.202815
33.845034,-118.202343
33.845034,-118.202343
33.845034,-118.202343
33.840945,-118.202815
33.845034,-118.202343
33.845034,-118.202343
33.845034,-118.202343
33.804897,-118.205939
33.845034,-118.202343
33.863301,-118.195209
33.805865,-118.205754
33.806195,-118.205516
33.805865,-118.205754
33.804897,-118.205939
33.804897,-118.205939
33.807037,-118.205354
33.806195,-118.205516
33.804897,-118.205939
33.846126,-118.202128
33.805865,-118.205754
33.840945,-118.202815
33.806195,-118.205516
33.805606,-118.205478
33.840945,-118.202815
33.804897,-118.205939
33.805211,-118.205468
33.804897,-118.205939
33.805598,-118.205954
33.836119,-118.20325
33.801937,-118.206593
33.804325,-118.205558
33.836588,-118.203095
33.851878,-118.201633
33.836517,-118.203055
33.836597,-118.203025
33.837013,-118.20298
33.838597,-118.202867
33.838858,-118.20298
33.837047,-118.202995
33.839145,-118.202812
33.83863,-118.202872
33.83867,-118.202828
33.835933,-118.203087
33.839017,-118.20295
33.838572,-118.20282
33.803463,-118.204874
33.837447,-118.202933
33.837447,-118.202933
33.80257,-118.205473
33.803419,-118.204284
33.83937,-118.202805
33.83937,-118.202803
33.80136,-118.204437
33.81722,-118.20527
33.816945,-118.205017
33.817238,-118.205192
33.817183,-118.205278
33.804897,-118.205939
33.813652,-118.204745
33.801367,-118.204453
33.813963,-118.20521
33.805463,-118.204605
33.807978,-118.205389
33.804897,-118.205939
33.817172,-118.204955
33.807978,-118.205389
33.805463,-118.204605
33.804897,-118.205939
33.801913,-118.204435
33.799479,-118.204718
33.802655,-118.205334
33.806274,-118.205956
33.807094,-118.2055
33.806381,-118.205377
33.803493,-118.205264
33.803257,-118.205746
33.800262,-118.20614
33.804937,-118.205071
33.806578,-118.205272
33.805566,-118.205147
33.807574,-118.205443
33.80062,-118.205351
33.808364,-118.205709
33.861725,-118.196328
33.863525,-118.195008
33.804816,-118.205404
33.805683,-118.20497
33.803052,-118.205366
33.805941,-118.205334
33.807198,-118.205394
33.806164,-118.20549
33.805664,-118.205549
33.863517,-118.19497
33.837877,-118.202929
33.803715,-118.204871
33.800534,-118.205425
33.799479,-118.204718
33.834635,-118.203336
33.808093,-118.204641
33.808093,-118.204641
33.807333,-118.204424
33.806799,-118.204941
33.808093,-118.204641
33.808093,-118.204641
33.806799,-118.204941
33.837575,-118.203003
33.866583,-118.193751
33.865692,-118.194364
33.813956,-118.205847
33.838818,-118.202961
33.838151,-118.202855
33.838333,-118.202911
33.837234,-118.202993
33.838817,-118.202961
33.838821,-118.202965
33.806377,-118.204807
33.835587,-118.203187
33.802803,-118.204412
33.835592,-118.203178
33.8415,-118.202592
33.807865,-118.205636
33.835603,-118.203097
33.837825,-118.202897
33.835603,-118.203097
33.837362,-118.202963
33.802048,-118.204505
33.805618,-118.204617
33.80562,-118.204615
33.802802,-118.204438
33.80136,-118.204437
33.802778,-118.204167
33.806247,-118.204668
33.805188,-118.204645
33.801187,-118.204388
33.812626,-118.205292
33.802802,-118.204418
33.803776,-118.205515
33.800853,-118.204565
33.803832,-118.205714
33.813192,-118.205339
33.807197,-118.204659
33.806078,-118.204432
33.804038,-118.204385
33.803207,-118.204432
33.805444,-118.205193
33.807406,-118.204493
33.801353,-118.204542
33.806299,-118.20523
33.802543,-118.204438
33.802778,-118.204444
33.803033,-118.204508
33.803516,-118.20456
33.803611,-118.204444
33.812974,-118.205331
33.80395,-118.204473
33.800355,-118.204421
33.809796,-118.204723
33.805,-118.205128
33.811461,-118.205203
33.805207,-118.205398
33.807183,-118.205537
33.812278,-118.204504
33.805599,-118.204357
33.802453,-118.204503
33.811199,-118.204555
33.804522,-118.204635
33.80377,-118.20456
33.806406,-118.20529
33.811845,-118.204627
33.803058,-118.204508
33.80305,-118.204473
33.811885,-118.204593
33.802125,-118.204568
33.801859,-118.204668
33.811336,-118.204526
33.803088,-118.204505
33.80525,-118.20511
33.802815,-118.205039
33.804889,-118.204287
33.806331,-118.205045
33.80621,-118.205074
33.808107,-118.204582
33.806022,-118.204407
33.812809,-118.205773
33.804308,-118.205214
33.808321,-118.205681
33.80968,-118.205663
33.807094,-118.205513
33.809922,-118.204584
33.812349,-118.205307
33.807365,-118.205514
33.812455,-118.204909
33.803862,-118.205403
33.80707,-118.20557
33.805993,-118.205457
33.806539,-118.204947
33.813253,-118.205396
33.807515,-118.204839
33.813263,-118.205421
33.812314,-118.205351
33.803085,-118.204495
33.808526,-118.204604
33.811309,-118.205229
33.801589,-118.20456
33.808451,-118.204658
33.80308,-118.204498
33.802763,-118.204523
33.803204,-118.204687
33.80415,-118.204407
33.814488,-118.204566
33.813627,-118.204317
33.813783,-118.204528
33.813513,-118.204578
33.813672,-118.204437
33.812768,-118.204464
33.813527,-118.20439
33.813339,-118.204658
33.815224,-118.204361
33.814261,-118.204441
33.812906,-118.204578
33.780395,-118.206095
33.816643,-118.204354
33.818623,-118.204357
33.814123,-118.204355
33.813235,-118.204572
33.833205,-118.203413
33.836995,-118.20298
33.83368,-118.203438
33.833145,-118.203438
33.813008,-118.204712
33.81935,-118.204812
33.833233,-118.203483
33.833145,-118.203483
33.838959,-118.203024
33.83363,-118.203383
33.833553,-118.203462
33.835595,-118.203317
33.834228,-118.203317
33.835408,-118.203308
33.833113,-118.203438
33.814042,-118.204567
33.836487,-118.20302
33.833162,-118.203408
33.812918,-118.204981
33.874105,-118.18962
33.862536,-118.195616
33.837215,-118.202972
33.799479,-118.204718
33.802872,-118.204313
33.799479,-118.204718
33.799479,-118.204718
33.799479,-118.204718
33.799479,-118.204718
33.799479,-118.204718
33.799479,-118.204718
33.795875,-118.204164
33.799479,-118.204718
33.799479,-118.204718
33.799479,-118.204718
33.799479,-118.204718
33.799479,-118.204718
33.799479,-118.204718
33.797087,-118.205047
33.799479,-118.204718
33.799479,-118.204718
33.799479,-118.204718
33.799479,-118.204718
33.799479,-118.204718
33.795917,-118.204253
33.799479,-118.204718
33.799479,-118.204718
33.80274,-118.204289
33.799479,-118.204718
33.805345,-118.205166
33.799479,-118.204718
33.799479,-118.204718
33.799479,-118.204718
33.796147,-118.20417
33.799479,-118.204718
33.799479,-118.204718
33.799479,-118.204718
33.799479,-118.204718
33.799479,-118.204718
33.798503,-118.205108
33.799479,-118.204718
33.799479,-118.204718
33.799479,-118.204718
33.799479,-118.204718
33.799479,-118.204718
33.799479,-118.204718
33.802809,-118.204311
33.802892,-118.204333
33.803213,-118.204467
33.86177,-118.196204
33.802823,-118.20447
33.863648,-118.194945
33.863648,-118.194945
33.863648,-118.194945
33.863648,-118.194945
33.863648,-118.194945
33.863648,-118.194945
33.863648,-118.194945
33.863648,-118.194945
33.863648,-118.194945
33.863648,-118.194945
33.863648,-118.194945
33.861515,-118.196343
33.805001,-118.205589
33.803846,-118.205511
33.806107,-118.205236
33.805842,-118.205562
33.805409,-118.205053
33.805671,-118.205152
33.800536,-118.205433
33.800536,-118.205433
33.800536,-118.205433
33.800536,-118.205433
33.800536,-118.205433
33.800536,-118.205433
33.800536,-118.205433
33.800536,-118.205433
33.800536,-118.205433
33.800536,-118.205433
33.800536,-118.205433
33.800536,-118.205433
33.813963,-118.20521
33.813963,-118.20521
33.832808,-118.203622
33.805001,-118.205589
33.805001,-118.205589
33.803846,-118.205511
33.832264,-118.20417
33.813963,-118.20521
33.805001,-118.205589
33.805001,-118.205589
33.803595,-118.204691
33.839962,-118.202688
33.840291,-118.202551
33.836103,-118.20308
33.804787,-118.205559
33.804787,-118.205559
33.813963,-118.20521
33.813963,-118.20521
33.804787,-118.205559
33.804787,-118.205559
33.813963,-118.20521
33.813963,-118.20521
33.804787,-118.205559
33.813963,-118.20521
33.813963,-118.20521
33.804787,-118.205559
33.804787,-118.205559
33.813963,-118.20521
33.804787,-118.205559
33.838937,-118.202858
33.836087,-118.203042
33.837105,-118.20305
33.83665,-118.203033
33.835637,-118.203125
33.837075,-118.203055
33.832695,-118.203479
33.805285,-118.205129
33.805285,-118.205129
33.845937,-118.202392
33.807332,-118.205481
33.80655,-118.205414
33.806545,-118.205435
33.805001,-118.205589
33.803846,-118.205511
33.805001,-118.205589
33.803846,-118.205511
33.803846,-118.205511
33.805001,-118.205589
33.803846,-118.205511
33.805001,-118.205589
33.805001,-118.205589
33.803846,-118.205511
33.803846,-118.205511
33.803846,-118.205511
33.803846,-118.205511
33.805001,-118.205589
33.803846,-118.205511
33.805001,-118.205589
33.805001,-118.205589
33.805001,-118.205589
33.803846,-118.205511
33.803846,-118.205511
33.803846,-118.205511
33.80631,-118.205428
33.803744,-118.20468
33.806358,-118.205362
33.803339,-118.204625
33.802269,-118.205676
33.803365,-118.204862
33.79933,-118.204488
33.803623,-118.205555
33.803043,-118.204282
33.83828,-118.202958
33.804288,-118.205432
33.816441,-118.20543
33.862121,-118.196
33.803812,-118.20651
33.804747,-118.204663
33.804165,-118.206513
33.804048,-118.204433
33.802998,-118.206568
33.804147,-118.204437
33.803155,-118.206533
33.803147,-118.206548
33.803538,-118.206538
33.803145,-118.206537
33.803987,-118.206533
33.8041,-118.206522
33.804532,-118.204612
33.802097,-118.206602
33.804525,-118.204645
33.803862,-118.206525
33.803277,-118.206552
33.8028,-118.206557
33.804135,-118.204418
33.802543,-118.206565
33.804125,-118.20425
33.80402,-118.206535
33.804022,-118.206537
33.802473,-118.206555
33.802113,-118.206558
33.802495,-118.206577
33.801678,-118.206547
33.804358,-118.206432
33.801715,-118.206517
33.804255,-118.2044
33.803422,-118.204407
33.801715,-118.206517
33.804378,-118.204195
33.804238,-118.204378
33.802535,-118.206552
33.802525,-118.206617
33.802553,-118.206788
33.86644,-118.193443
33.867905,-118.192438
33.868838,-118.191655
33.868585,-118.192025
33.868365,-118.191963
33.866667,-118.193056
33.868544,-118.191894
33.794074,-118.204512
33.788383,-118.204601
33.794074,-118.204512
33.8079,-118.204784
33.786479,-118.204499
33.814827,-118.204544
33.804732,-118.204346
33.804732,-118.204346
33.804732,-118.204346
33.804732,-118.204346
33.804732,-118.204346
33.804732,-118.204346
33.804732,-118.204346
33.804732,-118.204346
33.804732,-118.204346
33.802446,-118.204781
33.837547,-118.202839
33.86438,-118.196198
33.827245,-118.20568
33.797062,-118.205044
33.862792,-118.195512
33.792708,-118.204713
33.793554,-118.205028
33.792946,-118.204826
33.794906,-118.204261
33.794313,-118.204253
33.796382,-118.204124
33.863838,-118.195958
33.805367,-118.204542
33.794432,-118.20504
33.798588,-118.206843
33.806158,-118.20545
33.833753,-118.203663
33.833825,-118.203676
33.834038,-118.203633
33.889484,-118.187562
33.802563,-118.205063
33.806663,-118.205373
33.802863,-118.204518
33.840844,-118.202829
33.836088,-118.203163
33.803791,-118.20594
33.80506,-118.206218
33.868095,-118.192238
33.802136,-118.205308
33.849876,-118.203019
33.791257,-118.204305
33.864328,-118.19492
33.840325,-118.203676
33.840307,-118.20374
33.841632,-118.203605
33.792959,-118.204833
33.839856,-118.202869
33.839859,-118.202606
33.809563,-118.205699
33.845964,-118.204062
33.833012,-118.203491
33.863479,-118.195035
33.862542,-118.195672
33.803333,-118.204313
33.849045,-118.203531
33.848137,-118.202342
33.80295,-118.204748
33.802307,-118.205078
33.802437,-118.204633
33.802438,-118.204362
33.802708,-118.204608
33.804408,-118.204392
33.802027,-118.204368
33.804997,-118.204633
33.805002,-118.204623
33.801847,-118.204512
33.804983,-118.204645
33.802887,-118.204177
33.805138,-118.2046
33.802887,-118.204182
33.802093,-118.204382
33.806233,-118.204667
33.80302,-118.204245
33.80264,-118.204518
33.803152,-118.204572
33.803905,-118.204585
33.803098,-118.204477
33.802627,-118.204502
33.804743,-118.204657
33.802635,-118.204518
33.802667,-118.204465
33.804015,-118.204607
33.802648,-118.204462
33.80305,-118.204275
33.802863,-118.204518
33.80258,-118.204358
33.80337,-118.204498
33.80306,-118.204258
33.860177,-118.197635
33.804589,-118.205509
33.804589,-118.205509
33.848137,-118.202342
33.86395,-118.19493
33.863403,-118.195342
33.864047,-118.195178
33.862885,-118.195657
33.8626,-118.195845
33.863963,-118.194995
33.819812,-118.204878
33.819787,-118.20486
33.818283,-118.204813
33.816351,-118.205338
33.819802,-118.204877
33.82139,-118.20482
33.799333,-118.204477
33.820703,-118.204777
33.801563,-118.204505
33.803138,-118.204518
33.804035,-118.205202
33.804683,-118.204663
33.799292,-118.20446
33.803513,-118.20454
33.802627,-118.204567
33.803308,-118.204512
33.803033,-118.204518
33.803158,-118.204525
33.802008,-118.204525
33.802617,-118.204563
33.802097,-118.204087
33.804327,-118.204565
33.804327,-118.204565
33.804327,-118.204565
33.804327,-118.204565
33.804327,-118.204565
33.804327,-118.204565
33.804327,-118.204565
33.804327,-118.204565
33.804327,-118.204565
33.804327,-118.204565
33.804327,-118.204565
33.804327,-118.204565
33.804327,-118.204565
33.804327,-118.204565
33.804327,-118.204565
33.804327,-118.204565
33.804327,-118.204565
33.802958,-118.20508
33.804327,-118.205655
33.801138,-118.204842
33.84577,-118.20224
33.826378,-118.205328
33.808718,-118.204785
33.807428,-118.204828
33.805915,-118.204638
33.807747,-118.204725
33.809428,-118.204797
33.806877,-118.204745
33.803452,-118.20456
33.805323,-118.204667
33.809298,-118.204672
33.806083,-118.204678
33.8067,-118.204953
33.806877,-118.204745
33.806472,-118.20467
33.814162,-118.205797
33.82583,-118.204259
33.79088,-118.204314
33.802,-118.205268
33.808695,-118.205659
33.80354,-118.20598
33.846611,-118.203687
33.803365,-118.205464
33.801768,-118.205134
33.837106,-118.204817
33.84366,-118.202496
33.806868,-118.204985
33.845612,-118.20236
33.803925,-118.205525
33.803354,-118.205525
33.803943,-118.205504
33.84138,-118.203171
33.84138,-118.203171
33.80801,-118.20566
